<?xml version="1.0" encoding="UTF-8" standalone="yes"?>
<addon id="plugin.video.xbmc-hockey-streams-frodo" name="XBMC Hockey Streams" version="3.1.0" provider-name="Craig McNicholas, Swedemon">
	<requires>
		<import addon="xbmc.python" version="2.0" />
		<import addon="script.module.pil" version="1.1.7"/>
	</requires>
	<extension point="xbmc.python.pluginsource" library="default.py">
		<provides>video</provides>
	</extension>
	<extension point="xbmc.addon.metadata">
		<summary>Video plugin for hockeystreams.com</summary>
		<description>This Add-on allows access to hockeystreams.com streams, you will need a premium account at hockeystreams.com for this Add-on to function</description>
		<platform>all</platform>
		<license>GNU GPL v3</license>
		<disclaimer>Some parts of this addon may not be legal in your country of residence - please check with your local laws before installing.</disclaimer>
	</extension>
</addon>
